...	1234
ladj	1234
sidi@itu.dk	1234
mhvf	1234
mmun@itu.dk	1234
mbak@itu.dk	1234
mzil@itu.dk	1234
ckil	1234
afri@itu.dk	1234
raag	1234
ktah	1234
kdan@itu.dk	1234
amom	1234
hkkp	1234
sidi=noob	1234
Meof@itu.dk	1234
marth	1234
olpr@itu.dk	1234
kbep	1234
lynd	1234
42	1234
hypesystem	1234
appo	1234
msta	1234
Mrof@itu.dk	1234
msoa@itu.dk	1234
 msoa@itu.dk	1234
:]	1234
clih@itu.dk	1234
chge@itu.dk	1234
tbrj@itu.dk	1234
raig@itu.dk	1234
mrob	1234
kbri	1234
mhoh	1234
something	1234
batman	1234
pagh@itu.dk	1234
ptaa@itu.dk	1234
bmih	1234
